Level,Wall,Direction,wall length,line,sheathed sides,tributary area,level tributary area,level seismic force,level seismic force per area,wall height,line tributary area,line wall length,line shear demand,line unit shear,line cumulative shear demand,line cumulative unit shear,shear demand,cumulative shear demand,unit shear demand,adjusted unit shear demand,aspect ratio,adjusted unit shear capacity,nail spacing,shear stiffness,shear dcr,rigid shear force demand,flexible shear force demand,shear force demand,floor OTM,OTM,dead load,RM,total moment,tension force,binned tension force,compression force,binned compression force,option,wall stiffness,x,y,delta_sw
1,A-2,y,29.75,A-2,1,1369.3125,,33986.48282830213,2.205482337981968,11.500000000000002,1369.3125,29.75,3019.994533927934,101.51242130850198,3019.994533927934,101.51242130850198,3019.994533927934,24822.077859531775,834.3555583035891,584.0488908125124,0.38655462184873957,600.0,3,19.0,0.973414818020854,22762.998144547295,24822.077859531775,24822.077859531775,285453.89538461546,285453.89538461546,14377.78125,213869.49609375,71584.39929086546,2447.3298902859988,9.56855288447842,9759.107534516768,15.300211404777569,E,39909.78624260871,31.916666666666668,0.0,0.6219546681768766
1,A-2.4,y,29.75,A-2.4,2,2146.791666666667,,33986.48282830213,2.205482337981968,11.500000000000002,2146.791666666667,29.75,4734.711104160207,159.14995308101535,4734.711104160207,159.14995308101535,4734.711104160207,38915.75509476033,1308.092608227238,915.6648257590666,0.38655462184873957,921.4285714285714,4,17.0,0.9937447721416227,38602.03940834502,38915.75509476033,38915.75509476033,447531.18358974386,447531.18358974386,11270.656250000002,167651.01171875003,279880.1718709938,9568.55288447842,9.56855288447842,15300.211404777569,15.300211404777569,E,68162.56731877099,40.083333333333336,0.0,0.5709256066128761
1,A-3,y,29.75,A-3,1,593.2291666666667,,33986.48282830213,2.205482337981968,11.500000000000002,593.2291666666667,29.75,1308.3564494590948,43.97836804904521,1308.3564494590948,43.97836804904521,1308.3564494590948,10753.703455964329,504.4388928202458,353.1072249741721,0.38655462184873957,460.7142857142857,4,17.0,0.7664342867656448,15007.057061402313,10753.703455964329,15007.057061402313,172581.15620612662,172581.15620612662,12457.812500000002,185309.96093750003,0.0,0.0,9.56855288447842,5900.210468585526,15.300211404777569,E,26726.628574860166,49.833333333333336,0.0,0.40235914626656544
1,A-3.7,y,20.0,A-3.7,1,441.08333333333337,,33986.48282830213,2.205482337981968,11.500000000000002,441.08333333333337,20.0,972.8015012448799,48.640075062243994,972.8015012448799,48.640075062243994,972.8015012448799,7995.694804905243,454.19407801444476,317.93585461011133,0.5750000000000001,460.7142857142857,4,17.0,0.6900933278359006,9083.881560288895,7995.694804905243,9083.881560288895,104464.63794332232,104464.63794332232,9262.75,92627.5,11837.13794332232,607.0327150421703,9.56855288447842,5357.160920170375,15.300211404777569,E,16431.04031092595,67.33333333333334,0.0,0.48662133703052524
1,A-4,y,20.0,A-4,1,505.29166666666674,,33986.48282830213,2.205482337981968,11.500000000000002,505.29166666666663,20.0,1114.4118463628051,55.720592318140255,1114.4118463628051,55.720592318140255,1114.4118463628051,9159.6250613155,534.2905976822083,374.00341837754576,0.5750000000000001,460.7142857142857,4,17.0,0.811790365470642,10685.811953644166,9159.6250613155,10685.811953644166,122886.83746690793,122886.83746690793,10611.125000000002,106111.25000000001,16775.58746690792,860.2865367645087,9.56855288447842,6301.8891008670735,15.300211404777569,E,19482.55551637199,76.16666666666667,0.0,0.4701449485730089
1,A-5,y,29.75,A-5,1,770.5000000000001,,33986.48282830213,2.205482337981968,11.500000000000002,770.5,29.75,1699.3241414151064,57.120139207230466,1699.3241414151064,57.120139207230466,1699.3241414151064,13967.163076923083,593.3158330110974,415.3210831077682,0.38655462184873957,460.7142857142857,4,17.0,0.9014721183734503,17651.14603208015,13967.163076923083,17651.14603208015,202988.17936892173,202988.17936892173,16180.500000000002,240684.93750000003,0.0,0.0,9.56855288447842,6939.7668160315125,15.300211404777569,E,32812.94882441393,97.5,0.0,0.4256600999703827
1,A-5.1,y,29.75,A-5.1,1,1384.666666666667,,33986.48282830213,2.205482337981968,11.500000000000002,1384.6666666666667,29.75,3053.8578773256986,102.65068495212432,3053.8578773256986,102.65068495212432,3053.8578773256986,25100.4090078038,843.7112271530689,590.5978590071481,0.38655462184873957,600.0,3,19.0,0.9843297650119136,21494.286336186862,25100.4090078038,25100.4090078038,288654.70358974376,288654.70358974376,14539.000000000004,216267.62500000006,72387.0785897437,2474.771917598075,9.56855288447842,9868.536874863035,15.300211404777569,E,39978.66756492823,98.08333333333334,0.0,0.627845061795492
1,A-6,y,29.75,A-6,1,988.2500000000002,,33986.48282830213,2.205482337981968,11.500000000000002,988.25,29.75,2179.56792051068,73.26278724405647,2179.56792051068,73.26278724405647,2179.56792051068,17914.40481605352,614.7322104916249,430.3125473441374,0.38655462184873957,460.7142857142857,4,17.0,0.9340117306694454,18288.28326212584,17914.40481605352,18288.28326212584,210315.25751444718,210315.25751444718,10376.625000000002,154352.29687500003,55962.96063944715,1913.2636116050307,5.124354008875743,7190.265214169134,7.453377300063345,A,34540.82234813128,122.16666666666667,0.0,0.5186444212444387
1,A-6.1,y,29.75,A-6.1,1,826.3333333333334,,33986.48282830213,2.205482337981968,11.500000000000002,826.3333333333334,29.75,1822.463571952433,61.25927972949355,1822.463571952433,61.25927972949355,1822.463571952433,14979.276343366782,593.4017234569998,415.3812064198998,0.38655462184873957,460.7142857142857,4,17.0,0.901602618585829,17653.701272845745,14979.276343366782,17653.701272845745,203017.5646377261,203017.5646377261,17353.0,258125.875,0.0,0.0,5.124354008875743,6940.77144060602,7.453377300063345,A,33324.1421791988,122.75000000000001,0.0,0.4495022336303969
1,A-6.8,y,29.75,A-6.8,1,905.8958333333334,,33986.48282830213,2.205482337981968,11.500000000000002,905.8958333333333,29.75,1997.9372604681232,67.15755497371843,1997.9372604681232,67.15755497371843,1997.9372604681234,16421.537748049057,618.7471931980791,433.12303523865535,0.38655462184873957,460.7142857142857,4,17.0,0.9401120144715,18407.728997642855,16421.537748049057,18407.728997642855,211688.88347289286,211688.88347289286,4755.953125,70744.802734375,140944.08073851786,4818.6010508895,5.124354008875743,7237.226785398047,7.453377300063345,A,33965.480132973484,147.41666666666669,0.0,0.48347727409591734
1,A-7,y,29.75,A-7,1,1011.9791666666669,,33986.48282830213,2.205482337981968,11.500000000000002,1011.9791666666667,29.75,2231.9021784890438,75.02192196601828,2231.9021784890438,75.02192196601828,2231.9021784890438,18344.552954292092,637.2269960594894,446.0588972416425,0.38655462184873957,460.7142857142857,4,17.0,0.9681898544779838,18957.50313276981,18344.552954292092,18957.50313276981,218011.28602685285,218011.28602685285,5312.890625000001,79029.24804687501,138982.03797997785,4751.522665982148,5.124354008875743,7453.3773000633455,7.453377300063345,A,34692.396933779644,156.5,0.0,0.5287773280499446
1,A-7.8,y,20.0,A-7.8,1,640.6875,,33986.48282830213,2.205482337981968,11.500000000000002,640.6875,20.0,1413.0249654158222,70.65124827079111,1413.0249654158222,70.65124827079111,1413.0249654158224,11613.999732441474,580.6999866220738,406.4899906354516,0.5750000000000001,460.7142857142857,4,17.0,0.8823038556428406,11590.991077374087,11613.999732441474,11613.999732441474,133560.99692307698,133560.99692307698,3363.609375,33636.09375,99924.90317307698,5124.354008875743,5.124354008875743,6849.281893491127,7.453377300063345,A,20828.387273576234,176.83333333333334,0.0,0.5576043684945057
1,A-8,y,29.75,A-8,1,794.2291666666667,,33986.48282830213,2.205482337981968,11.500000000000002,794.2291666666666,29.75,1751.65839939347,58.87927392919227,1751.65839939347,58.87927392919227,1751.65839939347,14397.311215161655,621.1439932826084,434.8007952978259,0.38655462184873957,460.7142857142857,4,17.0,0.9437536642123353,18479.033800157602,14397.311215161655,18479.033800157602,212508.88870181245,212508.88870181245,8339.40625,124048.66796875,88460.22073306245,3024.28105070299,5.124354008875743,7265.261152198716,7.453377300063345,A,33037.04050158297,182.58333333333334,0.0,0.4357930067758887
1,A-8.2,y,20.0,A-8.2,1,448.06250000000006,,33986.48282830213,2.205482337981968,11.500000000000002,448.0625,20.0,988.1939300620456,49.40969650310228,988.1939300620456,49.40969650310228,988.1939300620456,8122.208963210705,462.9118335728742,324.0382835010119,0.5750000000000001,460.7142857142857,4,17.0,0.703338909924677,9258.236671457484,8122.208963210705,9258.236671457484,106469.72172176107,106469.72172176107,9409.312500000002,94093.12500000001,12376.59672176106,634.6972677826185,5.124354008875743,5459.985729321081,7.453377300063345,A,16506.99414032257,185.66666666666669,0.0,0.4920465164139196
1,A-8.9,y,29.75,A-8.9,1,1352.5625,,33986.48282830213,2.205482337981968,11.500000000000002,1352.5625,29.75,2983.0527047667356,100.27067915182305,2983.0527047667356,100.27067915182305,2983.0527047667356,24518.443879598664,824.1493741041568,576.9045618729097,0.38655462184873957,600.0,3,19.0,0.9615076031215161,22694.005483249362,24518.443879598664,24518.443879598664,281962.10461538465,281962.10461538465,14201.90625,211253.35546875,70708.74914663465,2417.3931332182788,13.25157787184353,9639.730072320843,13.25157787184353,B,39833.13942060112,203.58333333333334,0.0,0.6155287842292964
1,A-9,y,29.75,A-9,1,1231.125,,33986.48282830213,2.205482337981968,11.500000000000002,1231.125,29.75,2715.2244433480505,91.26804851590086,2715.2244433480505,91.26804851590086,2715.2244433480505,22317.097525083616,751.4077272641168,525.9854090848818,0.38655462184873957,600.0,3,19.0,0.8766423484748029,22354.379886107476,22317.097525083616,22354.379886107476,257075.368690236,257075.368690236,6463.40625,96143.16796875,160932.200721486,5501.955580221744,13.25157787184353,8788.901493683283,13.25157787184353,B,39225.671199602395,203.91666666666669,0.0,0.568941125609339
1,A-B--A-1,x,20.0,A-B,2,1105.5,,33986.48282830213,2.205482337981968,11.500000000000002,7705.0,128.34,16993.241414151064,132.4079898250823,16993.241414151064,132.4079898250823,2648.159796501646,21765.876697714008,1120.5523452292625,784.3866416604837,0.5750000000000001,921.4285714285714,4,17.0,0.8512723242826955,22411.04690458525,21765.876697714008,22411.04690458525,257727.03940273044,257727.03940273044,0.0,0.0,257727.03940273044,13216.771251422075,13.25157787184353,13216.771251422075,13.25157787184353,B,29926.733435170052,0.0,30.75,0.7273054623507501
1,A-B--A-2.5,x,13.0,A-B,1,720.25,,33986.48282830213,2.205482337981968,11.500000000000002,7705.0,128.34,16993.241414151064,132.4079898250823,16993.241414151064,132.4079898250823,1721.30386772607,14147.819853514105,1088.2938348857003,761.8056844199901,0.8846153846153848,769.6428571428571,2,23.0,0.9898171305688968,12827.72025892207,14147.819853514105,14147.819853514105,162699.92831541222,162699.92831541222,0.0,0.0,162699.92831541222,13015.994265232977,13.25157787184353,13015.994265232977,13.25157787184353,B,17129.577498280454,0.0,30.75,0.8259292942242347
1,A-B--A-3.5,x,9.0,A-B,1,561.125,,33986.48282830213,2.205482337981968,11.500000000000002,7705.0,128.34,16993.241414151064,132.4079898250823,16993.241414151064,132.4079898250823,1191.6719084257406,9794.644513971303,1088.2938348857003,761.8056844199901,1.277777777777778,769.6428571428571,2,23.0,0.9898171305688968,7711.435540916842,9794.644513971303,9794.644513971303,112638.41191067001,112638.41191067001,0.0,0.0,112638.41191067001,13251.57787184353,13.25157787184353,13251.57787184353,13.25157787184353,B,10297.51429364498,0.0,30.75,0.9511659061270721
1,A-B--A-4,x,12.0,A-B,1,653.25,,33986.48282830213,2.205482337981968,11.500000000000002,7705.0,128.34,16993.241414151064,132.4079898250823,16993.241414151064,132.4079898250823,1588.8958779009877,13059.526018628405,1088.2938348857003,761.8056844199901,0.9583333333333335,769.6428571428571,2,23.0,0.9898171305688968,11513.63034886694,13059.526018628405,13059.526018628405,150184.5492142267,150184.5492142267,0.0,0.0,150184.5492142267,13059.526018628409,13.25157787184353,13059.526018628409,13.25157787184353,B,15374.799213468586,0.0,30.75,0.8494111589560166
1,A-B--A-4.8,x,10.67,A-B,1,536.0,,33986.48282830213,2.205482337981968,11.500000000000002,7705.0,128.34,16993.241414151064,132.4079898250823,16993.241414151064,132.4079898250823,1412.793251433628,11612.095218230423,1088.2938348857003,761.8056844199901,1.0777881911902532,769.6428571428571,2,23.0,0.9898171305688968,9798.592545444808,11612.095218230423,11612.095218230423,133539.09500964987,133539.09500964987,0.0,0.0,133539.09500964987,13130.687808225159,13.25157787184353,13130.687808225159,13.25157787184353,B,13084.612619652986,0.0,30.75,0.8874619032121094
1,A-B--A-5.5,x,29.0,A-B,2,1139.0,,33986.48282830213,2.205482337981968,11.500000000000002,7705.0,128.34,16993.241414151064,132.4079898250823,16993.241414151064,132.4079898250823,3839.8317049273865,31560.521211685314,1215.5535096599276,850.8874567619492,0.3965517241379311,921.4285714285714,4,17.0,0.923443751524596,35251.0517801379,31560.521211685314,35251.0517801379,405387.0954715859,405387.0954715859,0.0,0.0,405387.0954715859,14224.108613038103,14.224108613038103,14224.108613038103,14.224108613038103,D,47072.71527407867,0.0,30.75,0.6704631553103675
1,A-B--A-6.5,x,13.0,A-B,1,963.125,,33986.48282830213,2.205482337981968,11.500000000000002,7705.0,128.34,16993.241414151064,132.4079898250823,16993.241414151064,132.4079898250823,1721.30386772607,14147.819853514105,1088.2938348857003,761.8056844199901,0.8846153846153848,769.6428571428571,2,23.0,0.9898171305688968,12827.72025892207,14147.819853514105,14147.819853514105,162699.92831541222,162699.92831541222,0.0,0.0,162699.92831541222,13015.994265232977,14.224108613038103,13015.994265232977,14.224108613038103,D,17129.577498280454,0.0,30.75,0.8259292942242347
1,A-B--A-7.9,x,11.67,A-B,1,938.0,,33986.48282830213,2.205482337981968,11.500000000000002,7705.0,128.34,16993.241414151064,132.4079898250823,16993.241414151064,132.4079898250823,1545.2012412587103,12700.389053116123,1088.2938348857003,761.8056844199901,0.985432733504713,769.6428571428571,2,23.0,0.9898171305688968,11084.360570971437,12700.389053116123,12700.389053116123,146054.47411083544,146054.47411083544,0.0,0.0,146054.47411083544,13075.601979483925,14.224108613038103,13075.601979483925,14.224108613038103,D,14801.57109656946,0.0,30.75,0.8580433097443065
1,A-B--A-8.8,x,10.0,A-B,1,1088.75,,33986.48282830213,2.205482337981968,11.500000000000002,7705.0,128.34,16993.241414151064,132.4079898250823,16993.241414151064,132.4079898250823,1324.079898250823,10882.938348857004,1088.2938348857003,761.8056844199901,1.1500000000000001,769.6428571428571,2,23.0,0.9898171305688968,8951.302138665003,10882.938348857004,10882.938348857004,125153.79101185556,125153.79101185556,0.0,0.0,125153.79101185556,13174.083264405848,14.224108613038103,13174.083264405848,14.224108613038103,D,11953.178008238734,0.0,30.75,0.9104640072586498
1,A-C--A-1.8,x,16.0,A-C,1,1563.4450000000002,,33986.48282830213,2.205482337981968,11.500000000000002,7705.0,144.34,16993.241414151064,117.7306457956981,16993.241414151064,117.7306457956981,1883.6903327311695,15482.514149284278,1023.3736102278141,716.3615271594698,0.7187500000000001,769.6428571428571,2,23.0,0.9307713577942067,16373.977763645025,15482.514149284278,16373.977763645025,188300.7442819178,188300.7442819178,0.0,0.0,188300.7442819178,12148.43511496244,14.224108613038103,12148.43511496244,14.224108613038103,D,21889.09775444817,0.0,36.25,0.7073162321703286
1,A-C--A-3.2,x,9.34,A-C,1,469.0,,33986.48282830213,2.205482337981968,11.500000000000002,7705.0,144.34,16993.241414151064,117.7306457956981,16993.241414151064,117.7306457956981,1099.6042317318202,9037.917634644697,967.6571343302674,677.3599940311871,1.2312633832976447,769.6428571428571,2,23.0,0.8800965119662756,7800.771122323201,9037.917634644697,9037.917634644697,103936.05279841402,103936.05279841402,0.0,0.0,103936.05279841402,11757.472036019686,14.224108613038103,11757.472036019686,14.224108613038103,D,10428.244383947282,0.0,36.25,0.8666768155680371
1,A-C--A-3.8,x,16.75,A-C,1,720.25,,33986.48282830213,2.205482337981968,11.500000000000002,7705.0,144.34,16993.241414151064,117.7306457956981,16993.241414151064,117.7306457956981,1971.988317077943,16208.257000031977,1038.0597870447652,726.6418509313356,0.6865671641791046,769.6428571428571,2,23.0,0.9441286230198329,17387.50143299982,16208.257000031977,17387.50143299982,199956.26647949795,199956.26647949795,0.0,0.0,199956.26647949795,12305.00101412295,14.224108613038103,12305.00101412295,14.224108613038103,D,23243.998744005603,0.0,36.25,0.6973093217969617
1,A-C--A-4.6,x,16.0,A-C,1,971.5,,33986.48282830213,2.205482337981968,11.500000000000002,7705.0,144.34,16993.241414151064,117.7306457956981,16993.241414151064,117.7306457956981,1883.6903327311695,15482.514149284278,1023.3736102278141,716.3615271594698,0.7187500000000001,769.6428571428571,2,23.0,0.9307713577942067,16373.977763645025,15482.514149284278,16373.977763645025,188300.7442819178,188300.7442819178,0.0,0.0,188300.7442819178,12148.43511496244,13.659535998021743,12148.43511496244,13.659535998021743,C,21889.09775444817,0.0,36.25,0.7073162321703286
1,A-C--A-5.5,x,15.0,A-C,1,681.055,,33986.48282830213,2.205482337981968,11.500000000000002,7705.0,144.34,16993.241414151064,117.7306457956981,16993.241414151064,117.7306457956981,1765.9596869354714,14514.85701495401,1002.2615915269794,701.5831140688855,0.7666666666666668,769.6428571428571,2,23.0,0.9115697073748861,15033.92387290469,14514.85701495401,15033.92387290469,172890.12453840396,172890.12453840396,0.0,0.0,172890.12453840396,11923.456864717515,13.659535998021743,11923.456864717515,13.659535998021743,C,20097.683900462696,0.0,36.25,0.7222154098373417
1,A-C--A-6.5,x,26.0,A-C,2,1021.75,,33986.48282830213,2.205482337981968,11.500000000000002,7705.0,144.34,16993.241414151064,117.7306457956981,16993.241414151064,117.7306457956981,3060.9967906881507,25159.08549258695,1164.9437055169044,815.460593861833,0.4423076923076924,921.4285714285714,4,17.0,0.8849959933384234,30288.536343439515,25159.08549258695,30288.536343439515,348318.16794955445,348318.16794955445,0.0,0.0,348318.16794955445,13659.535998021744,13.659535998021743,13659.535998021744,13.659535998021743,C,40490.38922800608,0.0,36.25,0.6213594379375614
1,A-C--A-6.9,x,11.5,A-C,1,536.0,,33986.48282830213,2.205482337981968,11.500000000000002,7705.0,144.34,16993.241414151064,117.7306457956981,16993.241414151064,117.7306457956981,1353.902426650528,11128.057044798074,967.6571343302672,677.3599940311871,1.0000000000000002,769.6428571428571,2,23.0,0.8800965119662756,10473.825786652409,11128.057044798074,11128.057044798074,127972.65601517787,127972.65601517787,0.0,0.0,127972.65601517787,11633.877819561625,13.659535998021743,11633.877819561625,13.659535998021743,C,14001.643327995962,0.0,36.25,0.7947679271723613
1,A-C--A-8.5,x,9.75,A-C,1,787.25,,33986.48282830213,2.205482337981968,11.500000000000002,7705.0,144.34,16993.241414151064,117.7306457956981,16993.241414151064,117.7306457956981,1147.8737965080563,9434.657059720106,967.6571343302674,677.3599940311871,1.1794871794871797,769.6428571428571,2,23.0,0.8800965119662756,8297.33328898933,9434.657059720106,9434.657059720106,108498.55618678124,108498.55618678124,0.0,0.0,108498.55618678124,11729.573641814188,13.659535998021743,11729.573641814188,13.659535998021743,C,11092.059735611461,0.0,36.25,0.8505775558916074
1,A-C--A-9.2,x,24.0,A-C,2,954.75,,33986.48282830213,2.205482337981968,11.500000000000002,7705.0,144.34,16993.241414151064,117.7306457956981,16993.241414151064,117.7306457956981,2825.5354990967544,23223.771223926415,1143.845600319886,800.6919202239202,0.47916666666666674,921.4285714285714,4,17.0,0.8689679754368126,27452.294407677266,23223.771223926415,27452.294407677266,315701.3856882886,315701.3856882886,0.0,0.0,315701.3856882886,13434.10151865058,13.659535998021743,13434.10151865058,13.659535998021743,C,36698.83790899752,0.0,36.25,0.6328203438352635
2,A-2,y,29.75,A-2,1,1369.3125,,64637.0148563729,4.194485065306483,10.5,1369.3125,29.75,5743.560830987483,193.06086826848684,8763.555364915417,294.5732895769888,5743.560830987483,21802.083325603842,732.8431369950871,512.990195896561,0.35294117647058826,600.0,3,19.0,0.8549836598276016,20692.16559751128,21802.083325603842,21802.083325603842,228921.87491884033,514375.77030345576,14377.78125,213869.49609375,300506.27420970576,10273.718776400197,22.190487493467526,17585.496420630967,27.922146013766667,E,43018.53755176144,31.916666666666668,0.0,0.5068067062803053
2,A-2.4,y,29.75,A-2.4,2,2146.791666666667,,64637.0148563729,4.194485065306483,10.5,2146.791666666667,29.75,9004.685584157749,302.67850703051255,13739.396688317956,461.82846011152793,9004.685584157749,34181.04399060012,1181.885833734874,827.3200836144118,0.35294117647058826,921.4285714285714,4,17.0,0.8978667574109895,35161.103553612505,34181.04399060012,35161.103553612505,369191.5873129313,816722.7709026751,11270.656250000002,167651.01171875003,649071.7591839251,22190.487493467524,22.190487493467526,27922.14601376667,27.922146013766667,E,73611.30236771113,40.083333333333336,0.0,0.46434505152286637
2,A-3,y,29.75,A-3,1,593.2291666666667,,64637.0148563729,4.194485065306483,10.5,593.2291666666667,29.75,2488.290879887544,83.6400295760519,3796.647329346639,127.6183976250971,2488.290879887544,9445.347006505235,452.64094809745956,316.84866366822166,0.35294117647058826,460.7142857142857,4,17.0,0.6877335335434268,13466.068205899423,9445.347006505235,13466.068205899423,141393.71616194394,313974.87236807053,12457.812500000002,185309.96093750003,128664.9114305705,4398.800390788735,22.190487493467526,10734.183670703265,27.922146013766667,E,28429.614168960165,49.833333333333336,0.0,0.33223620096884016
2,A-3.7,y,20.0,A-3.7,1,441.08333333333337,,64637.0148563729,4.194485065306483,10.5,441.08333333333337,20.0,1850.1174542222682,92.50587271111341,2822.918955467148,141.1459477733574,1850.1174542222682,7022.893303660362,405.17290296057683,283.62103207240375,0.525,310.7142857142857,6,14.0,0.9128033216123339,8103.458059211537,7022.893303660362,8103.458059211537,85086.30962172114,189550.94756504346,9262.75,92627.5,96923.44756504346,4970.433208463767,22.190487493467526,9720.561413591973,27.922146013766667,E,17371.062212490582,67.33333333333334,0.0,0.40428692372137054
2,A-4,y,20.0,A-4,1,505.29166666666674,,64637.0148563729,4.194485065306483,10.5,505.29166666666663,20.0,2119.438349457155,105.97191747285774,3233.85019581996,161.692509790998,2119.438349457155,8045.213214952695,419.32742280397207,293.5291959627804,0.525,310.7142857142857,6,14.0,0.9446916651675692,8386.548456079441,8045.213214952695,8386.548456079441,88058.75878883414,210945.59625574207,10611.125000000002,106111.25000000001,104834.34625574206,5376.120320807285,22.190487493467526,10817.72288490985,27.922146013766667,E,18118.51089367942,76.16666666666667,0.0,0.4440328050225827
2,A-5,y,29.75,A-5,1,770.5000000000001,,64637.0148563729,4.194485065306483,10.5,770.5,29.75,3231.8507428186454,108.63363841407211,4931.174884233752,165.7537776213026,3231.8507428186454,12267.838935507976,462.2164512424448,323.55151586971135,0.35294117647058826,460.7142857142857,4,17.0,0.7022823600272804,13750.939424462733,12267.838935507976,13750.939424462733,144384.8639568587,347373.0433257804,16180.500000000002,240684.93750000003,106688.1058257804,3647.4566094283896,22.190487493467526,11876.001481223262,27.922146013766667,E,30279.78947474619,97.5,0.0,0.4051494131337849
2,A-5.1,y,29.75,A-5.1,1,1384.666666666667,,64637.0148563729,4.194485065306483,10.5,1384.6666666666667,29.75,5807.963653761044,195.22566903398467,8861.821531086742,297.87635398610894,5807.963653761044,22046.5511304781,741.0605422009445,518.7423795406611,0.35294117647058826,600.0,3,19.0,0.8645706325677684,19563.462584623267,22046.5511304781,22046.5511304781,231488.78687002003,520143.4904597638,14539.000000000004,216267.62500000006,303875.86545976374,10388.91847725688,22.190487493467526,17782.683434521838,27.922146013766667,E,43101.74761982491,98.08333333333334,0.0,0.5115001675787655
2,A-6,y,29.75,A-6,1,988.2500000000002,,64637.0148563729,4.194485065306483,10.5,988.25,29.75,4145.199865789132,139.3344492702229,6324.767786299812,212.5972365142794,4145.199865789132,15734.836895542838,557.0879906146369,389.9615934302458,0.35294117647058826,460.7142857142857,4,17.0,0.8464282648098358,16573.367720785445,15734.836895542838,16573.367720785445,174020.36106824718,384335.6185826943,10376.625000000002,154352.29687500003,229983.3217076943,7862.677665220318,10.918100373592296,13139.67926778442,13.619955007673493,A,37048.39494663585,122.16666666666667,0.0,0.42471035299119286
2,A-6.1,y,29.75,A-6.1,1,826.3333333333334,,64637.0148563729,4.194485065306483,10.5,826.3333333333334,29.75,3466.042825631591,116.50564119770053,5288.506397584024,177.76492092719408,3466.042825631591,13156.812771414348,462.3570394379308,323.6499276065515,0.35294117647058826,460.7142857142857,4,17.0,0.7024959668979412,13755.12192327844,13156.812771414348,13755.12192327844,144428.78019442363,347446.3448321497,17353.0,258125.875,89320.46983214968,3053.69127631281,10.918100373592296,11878.50751562905,13.619955007673493,A,30732.016450780196,122.75000000000001,0.0,0.4281142043668383
2,A-6.8,y,29.75,A-6.8,1,905.8958333333334,,64637.0148563729,4.194485065306483,10.5,905.8958333333333,29.75,3799.7665436400375,127.72324516437101,5797.7038041081605,194.88080013808943,3799.7665436400375,14423.600487580934,559.4087312806921,391.58611189648445,0.35294117647058826,460.7142857142857,4,17.0,0.8499543514032221,16642.40975560059,14423.600487580934,16642.40975560059,174745.3024338062,386434.18590669904,4755.953125,70744.802734375,315689.38317232404,10792.799424694838,10.918100373592296,13211.425159203387,13.619955007673493,A,36361.64237263216,147.41666666666669,0.0,0.3966707647517307
2,A-7,y,29.75,A-7,1,1011.9791666666669,,64637.0148563729,4.194485065306483,10.5,1011.9791666666667,29.75,4244.731500984634,142.680050453265,6476.633679473678,217.7019724192833,4244.731500984634,16112.650775803048,577.4226424893055,404.1958497425139,0.35294117647058826,460.7142857142857,4,17.0,0.8773243250225107,17178.32361405684,16112.650775803048,17178.32361405684,180372.39794759682,398383.68397444964,5312.890625000001,79029.24804687501,319354.43592757464,10918.100373592295,10.918100373592296,13619.955007673492,13.619955007673493,A,37229.758755021634,156.5,0.0,0.4327895563822244
2,A-7.8,y,20.0,A-7.8,1,640.6875,,64637.0148563729,4.194485065306483,10.5,640.6875,20.0,2687.3541502785474,134.36770751392737,4100.37911569437,205.0189557847185,2687.3541502785474,10200.974767025651,520.4728918712196,364.3310243098537,0.525,460.7142857142857,4,17.0,0.790796021757822,10409.457837424392,10200.974767025651,10409.457837424392,109299.30729295612,242860.30421603308,3363.609375,33636.09375,209224.21046603308,10729.4466905658,10.918100373592296,12454.374575181184,13.619955007673493,A,22159.734029726624,176.83333333333334,0.0,0.46033832145012876
2,A-8,y,29.75,A-8,1,794.2291666666667,,64637.0148563729,4.194485065306483,10.5,794.2291666666666,29.75,3331.382378014147,111.97923959711419,5083.0407774076175,170.85851352630647,3331.382378014147,12645.652815768184,483.6571698883141,338.56001892181985,0.35294117647058826,460.7142857142857,4,17.0,0.7348589557992988,14388.800804177345,12645.652815768184,14388.800804177345,151082.4084438621,363591.2971456746,8339.40625,124048.66796875,239542.6291769246,8189.491595792294,10.918100373592296,12430.47169728802,13.619955007673493,A,30478.102713294003,182.58333333333334,0.0,0.4149094494078326
2,A-8.2,y,20.0,A-8.2,1,448.06250000000006,,64637.0148563729,4.194485065306483,10.5,448.0625,20.0,1879.3914645738862,93.96957322869432,2867.585394635932,143.3792697317966,1879.3914645738864,7134.01503314866,413.2335581262473,289.2634906883731,0.525,310.7142857142857,6,14.0,0.9309629585372927,8264.671162524946,7134.01503314866,8264.671162524946,86779.04720651194,193248.768928273,9409.312500000002,94093.12500000001,99155.64392827298,5084.904816834512,10.918100373592296,9910.193278372974,13.619955007673493,A,17459.350414149285,185.66666666666669,0.0,0.4086071282106327
2,A-8.9,y,29.75,A-8.9,1,1352.5625,,64637.0148563729,4.194485065306483,10.5,1352.5625,29.75,5673.3032061436,190.69926743339832,8656.355910910335,290.96994658522135,5673.3032061436,21535.39117483193,723.8786949523337,506.7150864666336,0.35294117647058826,600.0,3,19.0,0.844525144111056,20634.901828433423,21535.39117483193,21535.39117483193,226121.60733573526,508083.71195111994,14201.90625,211253.35546875,296830.35648236994,10148.04637546564,24.614309273513744,17370.383314568204,24.614309273513744,C,42925.98726982263,203.58333333333334,0.0,0.5016865666819854
2,A-9,y,29.75,A-9,1,1231.125,,64637.0148563729,4.194485065306483,10.5,1231.125,29.75,5163.935426025444,173.5776613790065,7879.159869373494,264.8457098949074,5163.935426025444,19601.873081735568,681.9760245867951,477.3832172107565,0.35294117647058826,600.0,3,19.0,0.7956386953512609,20288.786731457156,19601.873081735568,20288.786731457156,213032.26068030013,470107.62937053613,6463.40625,96143.16796875,373964.46140178613,12785.109791514056,24.614309273513744,16072.055704975593,24.614309273513744,C,42193.98723794608,203.91666666666669,0.0,0.46456555459416565
2,A-B--A-1,x,20.0,A-B,1,1105.5,,64637.0148563729,4.194485065306483,10.5,7705.0,128.34,32318.50742818645,251.81944388488742,49311.74884233752,384.2274337099697,5036.388877697748,19117.716901212363,1058.3428163370836,740.8399714359584,0.525,769.6428571428571,2,23.0,0.9625762969933567,21166.856326741672,19117.716901212363,21166.856326741672,222251.99143078754,479979.030833518,0.0,0.0,479979.030833518,24614.309273513743,24.614309273513744,24614.309273513743,24.614309273513744,C,32185.831732453007,0.0,30.75,0.5939792720017221
2,A-B--A-2.5,x,13.0,A-B,1,720.25,,64637.0148563729,4.194485065306483,10.5,7705.0,128.34,32318.50742818645,251.81944388488742,49311.74884233752,384.2274337099697,3273.6527705035364,12426.515985788035,955.8858450606181,669.1200915424326,0.8076923076923077,769.6428571428571,2,23.0,0.8693903741618615,12038.551502755628,12426.515985788035,12426.515985788035,130478.41785077436,293178.3461661866,0.0,0.0,293178.3461661866,23454.26769329493,24.614309273513744,23454.26769329493,24.614309273513744,C,18305.54273100258,0.0,30.75,0.6788389816349053
2,A-B--A-3.5,x,9.0,A-B,1,561.125,,64637.0148563729,4.194485065306483,10.5,7705.0,128.34,32318.50742818645,251.81944388488742,49311.74884233752,384.2274337099697,2266.374994963987,8602.972605545563,955.8858450606181,669.1200915424326,1.1666666666666667,769.6428571428571,2,23.0,0.8693903741618615,7192.629507336222,8602.972605545563,8602.972605545563,90331.21235822841,202969.62426889842,0.0,0.0,202969.62426889842,23878.779325752756,24.614309273513744,23878.779325752756,24.614309273513744,C,10936.94592448893,0.0,30.75,0.7865973430738682
2,A-B--A-4,x,12.0,A-B,1,653.25,,64637.0148563729,4.194485065306483,10.5,7705.0,128.34,32318.50742818645,251.81944388488742,49311.74884233752,384.2274337099697,3021.833326618649,11470.630140727419,955.8858450606182,669.1200915424326,0.875,769.6428571428571,2,23.0,0.8693903741618615,10791.320518475177,11470.630140727419,11470.630140727419,120441.6164776379,270626.16569186456,0.0,0.0,270626.16569186456,23532.710060162135,24.614309273513744,23532.710060162135,24.614309273513744,C,16409.032168834852,0.0,30.75,0.6990436744047109
2,A-B--A-4.8,x,10.67,A-B,1,536.0,,64637.0148563729,4.194485065306483,10.5,7705.0,128.34,32318.50742818645,251.81944388488742,49311.74884233752,384.2274337099697,2686.9134662517486,10199.301966796795,955.8858450606181,669.1200915424326,0.9840674789128397,769.6428571428571,2,23.0,0.8693903741618615,9165.98565795836,10199.301966796795,10199.301966796795,107092.67065136634,240631.76566101622,0.0,0.0,240631.76566101622,23660.940576304445,24.614309273513744,23660.940576304445,24.614309273513744,C,13937.585605303655,0.0,30.75,0.7317839872435055
2,A-B--A-5.5,x,29.0,A-B,2,1139.0,,64637.0148563729,4.194485065306483,10.5,7705.0,128.34,32318.50742818645,251.81944388488742,49311.74884233752,384.2274337099697,7302.763872661735,27720.689506757924,1153.3082305504818,807.3157613853372,0.3620689655172414,921.4285714285714,4,17.0,0.8761566402631566,33445.93868596397,27720.689506757924,33445.93868596397,351182.3562026217,756569.4516742076,0.0,0.0,756569.4516742076,26546.296549972194,26.546296549972194,26546.296549972194,26.546296549972194,D,50857.12011567691,0.0,30.75,0.5450699812279168
2,A-B--A-6.5,x,13.0,A-B,1,963.125,,64637.0148563729,4.194485065306483,10.5,7705.0,128.34,32318.50742818645,251.81944388488742,49311.74884233752,384.2274337099697,3273.6527705035364,12426.515985788035,955.8858450606181,669.1200915424326,0.8076923076923077,769.6428571428571,2,23.0,0.8693903741618615,12038.551502755628,12426.515985788035,12426.515985788035,130478.41785077436,293178.3461661866,0.0,0.0,293178.3461661866,23454.26769329493,26.546296549972194,23454.26769329493,26.546296549972194,D,18305.54273100258,0.0,30.75,0.6788389816349053
2,A-B--A-7.9,x,11.67,A-B,1,938.0,,64637.0148563729,4.194485065306483,10.5,7705.0,128.34,32318.50742818645,251.81944388488742,49311.74884233752,384.2274337099697,2938.7329101366363,11155.187811857413,955.8858450606181,669.1200915424326,0.8997429305912596,769.6428571428571,2,23.0,0.8693903741618615,10384.225427456337,11155.187811857413,11155.187811857413,117129.47202450284,263183.9461353383,0.0,0.0,263183.9461353383,23561.67825741614,26.546296549972194,23561.67825741614,26.546296549972194,D,15790.012797399593,0.0,30.75,0.7064711064511946
2,A-B--A-8.8,x,10.0,A-B,1,1088.75,,64637.0148563729,4.194485065306483,10.5,7705.0,128.34,32318.50742818645,251.81944388488742,49311.74884233752,384.2274337099697,2518.194438848874,9558.858450606182,955.8858450606182,669.1200915424326,1.05,769.6428571428571,2,23.0,0.8693903741618615,8364.208005866478,9558.858450606182,9558.858450606182,100368.0137313649,225521.80474322045,0.0,0.0,225521.80474322045,23739.137341391626,26.546296549972194,23739.137341391626,26.546296549972194,D,12718.421068127294,0.0,30.75,0.7515758756062054
2,A-C--A-1.8,x,16.0,A-C,1,1563.4450000000002,,64637.0148563729,4.194485065306483,10.5,7705.0,144.34,32318.50742818645,223.90541380204,49311.74884233752,341.6360595977381,3582.48662083264,13598.823816553107,849.9264885345692,594.9485419741984,0.65625,600.0,3,19.0,0.9915809032903307,13489.738202248725,13598.823816553107,13598.823816553107,142787.65007380763,331088.39435572544,0.0,0.0,331088.39435572544,21360.541571337126,26.546296549972194,21360.541571337126,26.546296549972194,D,20509.767608348946,0.0,36.25,0.663041340898344
2,A-C--A-3.2,x,9.34,A-C,1,469.0,,64637.0148563729,4.194485065306483,10.5,7705.0,144.34,32318.50742818645,223.90541380204,49311.74884233752,341.6360595977381,2091.2765649110534,7938.313402912876,849.9264885345692,594.9485419741984,1.1241970021413277,600.0,3,19.0,0.9915809032903307,6519.107804551499,7938.313402912876,7938.313402912876,83352.2907305852,187288.34352899922,0.0,0.0,187288.34352899922,21186.464200113034,26.546296549972194,21186.464200113034,26.546296549972194,D,9911.636836868827,0.0,36.25,0.8009084204320644
2,A-C--A-3.8,x,16.75,A-C,1,720.25,,64637.0148563729,4.194485065306483,10.5,7705.0,144.34,32318.50742818645,223.90541380204,49311.74884233752,341.6360595977381,3750.41568118417,14236.268682954034,854.2626334634277,597.9838434243994,0.6268656716417911,600.0,3,19.0,0.9966397390406657,14308.899110512415,14236.268682954034,14308.899110512415,150243.44066038035,350199.7071398783,0.0,0.0,350199.7071398783,21550.751208607897,26.546296549972194,21550.751208607897,26.546296549972194,D,21755.218010012904,0.0,36.25,0.6543840965602712
2,A-C--A-4.6,x,16.0,A-C,1,971.5,,64637.0148563729,4.194485065306483,10.5,7705.0,144.34,32318.50742818645,223.90541380204,49311.74884233752,341.6360595977381,3582.48662083264,13598.823816553107,849.9264885345692,594.9485419741984,0.65625,600.0,3,19.0,0.9915809032903307,13489.738202248725,13598.823816553107,13598.823816553107,142787.65007380763,331088.39435572544,0.0,0.0,331088.39435572544,21360.541571337126,23.825976686610698,21360.541571337126,23.825976686610698,B,20509.767608348946,0.0,36.25,0.663041340898344
2,A-C--A-5.5,x,15.0,A-C,1,681.055,,64637.0148563729,4.194485065306483,10.5,7705.0,144.34,32318.50742818645,223.90541380204,49311.74884233752,341.6360595977381,3358.5812070305997,12748.897328018538,849.9264885345692,594.9485419741984,0.7,600.0,3,19.0,0.9915809032903307,12405.464505008733,12748.897328018538,12748.897328018538,133863.42194419465,306753.54648259864,0.0,0.0,306753.54648259864,21155.416998799905,23.825976686610698,21155.416998799905,23.825976686610698,B,18861.240318877128,0.0,36.25,0.6759310158016969
2,A-C--A-6.5,x,26.0,A-C,1,1021.75,,64637.0148563729,4.194485065306483,10.5,7705.0,144.34,32318.50742818645,223.90541380204,49311.74884233752,341.6360595977381,5821.54075885304,22098.0887018988,949.6125917912759,664.7288142538931,0.40384615384615385,769.6428571428571,2,23.0,0.8636847702602788,24689.927386573174,22098.0887018988,24689.927386573174,259244.23755901834,607562.4055085728,0.0,0.0,607562.4055085728,23825.9766866107,23.825976686610698,23825.9766866107,23.825976686610698,B,37538.51004174508,0.0,36.25,0.5886778318405391
2,A-C--A-6.9,x,11.5,A-C,1,536.0,,64637.0148563729,4.194485065306483,10.5,7705.0,144.34,32318.50742818645,223.90541380204,49311.74884233752,341.6360595977381,2574.9122587234597,9774.154618147546,849.9264885345692,594.9485419741984,0.9130434782608695,600.0,3,19.0,0.9915809032903307,8702.719543670366,9774.154618147546,9774.154618147546,102628.62349054923,230601.2795057271,0.0,0.0,230601.2795057271,20963.75268233883,23.825976686610698,20963.75268233883,23.825976686610698,B,13231.595211503924,0.0,36.25,0.7386981283745454
2,A-C--A-8.5,x,9.75,A-C,1,787.25,,64637.0148563729,4.194485065306483,10.5,7705.0,144.34,32318.50742818645,223.90541380204,49311.74884233752,341.6360595977381,2183.07778456989,8286.78326321205,849.9264885345692,594.9485419741984,1.0769230769230769,600.0,3,19.0,0.9915809032903307,6925.717586254637,8286.78326321205,8286.78326321205,87011.22426372653,195509.78045050777,0.0,0.0,195509.78045050777,21136.192481135975,23.825976686610698,21136.192481135975,23.825976686610698,B,10529.845434024752,0.0,36.25,0.786980522661352
2,A-C--A-9.2,x,24.0,A-C,1,954.75,,64637.0148563729,4.194485065306483,10.5,7705.0,144.34,32318.50742818645,223.90541380204,49311.74884233752,341.6360595977381,5373.7299312489595,20398.23572482966,933.8831443398757,653.718201037913,0.4375,769.6428571428571,2,23.0,0.849378637079423,22413.195464157016,20398.23572482966,22413.195464157016,235338.55237364865,551039.9380619372,0.0,0.0,551039.9380619372,23448.508002635626,23.825976686610698,23448.508002635626,23.825976686610698,B,34076.97194996203,0.0,36.25,0.5985929663815798
3,A-2,y,29.75,A-2,1,1369.3125,,95205.37091990536,6.178155153790095,10.5,1369.3125,29.75,8459.825079024198,284.3638682024941,17223.380443939615,578.9371577794828,8459.825079024198,16058.52249461636,539.7822687266004,377.84758810862024,0.35294117647058826,460.7142857142857,4,17.0,0.8201342997706486,15928.021400800095,16058.52249461636,16058.52249461636,168614.4861934718,682990.2564969276,14377.78125,213869.49609375,469120.7604031776,16038.31659498043,31.22815461372889,23350.0942392112,36.95981313402804,E,37204.1919715034,31.916666666666668,0.0,0.4316320727222461
3,A-2.4,y,29.75,A-2.4,1,2146.791666666667,,95205.37091990536,6.178155153790095,10.5,2146.791666666667,29.75,13263.211999530296,445.82225208505196,27002.608687848253,907.6507121965799,13263.211999530296,25176.35840644237,846.2641481157099,592.3849036809969,0.35294117647058826,600.0,3,19.0,0.9873081728016615,18722.97632146459,25176.35840644237,25176.35840644237,264351.7632676449,1081074.53417032,11270.656250000002,167651.01171875003,913423.52245157,31228.15461372889,31.22815461372889,36959.81313402804,36.95981313402804,E,44046.31028257411,40.083333333333336,0.0,0.5715883633595255
3,A-3,y,29.75,A-3,1,593.2291666666667,,95205.37091990536,6.178155153790095,10.5,593.2291666666667,29.75,3665.06183342027,123.19535574521916,7461.709162766909,250.81375337031625,3665.06183342027,6957.05612661769,367.79343980042745,257.4554078602992,0.35294117647058826,310.7142857142857,6,14.0,0.8285921172515377,10941.854834062717,6957.05612661769,10941.854834062717,114889.47575765853,428864.34812572907,12457.812500000002,185309.96093750003,243554.38718822904,8326.64571583689,31.22815461372889,14662.028995751421,36.95981313402804,E,25963.390654647148,49.833333333333336,0.0,0.26795637823877433
3,A-3.7,y,20.0,A-3.7,1,441.08333333333337,,95205.37091990536,6.178155153790095,10.5,441.08333333333337,20.0,2725.0812690842477,136.25406345421237,5548.000224551395,277.40001122756973,2725.0812690842477,5172.775849438094,322.87194456781083,226.01036119746757,0.525,310.7142857142857,6,14.0,0.7273896682217347,6457.438891356217,5172.775849438094,6457.438891356217,67803.10835924027,257354.05592428375,9262.75,92627.5,164726.55592428375,8447.515688424808,31.22815461372889,13197.643893553013,36.95981313402804,E,15563.875569237482,67.33333333333334,0.0,0.33235782607143544
3,A-4,y,20.0,A-4,1,505.29166666666674,,95205.37091990536,6.178155153790095,10.5,505.29166666666663,20.0,3121.770314583853,156.08851572919266,6355.620510403813,317.7810255201906,3121.770314583853,5925.774865495539,337.2276025548145,236.05932178837014,0.525,310.7142857142857,6,14.0,0.7597311505832602,6744.55205109629,5925.774865495539,6744.55205109629,70817.79653651104,281763.3927922531,10611.125000000002,106111.25000000001,175652.14279225311,9007.802194474518,31.22815461372889,14449.404758577082,36.95981313402804,E,16386.155589389567,76.16666666666667,0.0,0.3616330159425938
3,A-5,y,29.75,A-5,1,770.5000000000001,,95205.37091990536,6.178155153790095,10.5,770.5,29.75,4760.268545995268,160.00902675614347,9691.443430229021,325.76280437744606,4760.268545995268,9035.98819268933,381.134336485323,266.79403553972605,0.35294117647058826,310.7142857142857,6,14.0,0.8586474707025666,11338.74651043836,9035.98819268933,11338.74651043836,119056.83835960277,466429.8816853832,16180.500000000002,240684.93750000003,225744.94418538318,7717.77586958575,31.22815461372889,15946.320741380623,36.95981313402804,E,28091.626572316993,97.5,0.0,0.3216612669055583
3,A-5.1,y,29.75,A-5.1,1,1384.666666666667,,95205.37091990536,6.178155153790095,10.5,1384.6666666666667,29.75,8554.685502948018,287.55245388060564,17416.50703403476,585.4288078667146,8554.685502948018,16238.587476717057,545.8348731669599,382.08441121687196,0.35294117647058826,460.7142857142857,4,17.0,0.8293305049668539,15042.886126762955,16238.587476717057,16238.587476717057,170505.1685055291,690648.6589652929,14539.000000000004,216267.62500000006,474381.0339652928,16218.155007360438,31.22815461372889,23611.9199646254,36.95981313402804,E,37288.717342897005,98.08333333333334,0.0,0.4354825972529808
3,A-6,y,29.75,A-6,1,988.2500000000002,,95205.37091990536,6.178155153790095,10.5,988.25,29.75,6105.5618307330615,205.22896910027097,12430.329617032872,417.8262056145503,6105.5618307330615,11589.637029753707,397.3640233391957,278.15481633743696,0.35294117647058826,310.7142857142857,6,14.0,0.8952109031549695,11821.579694341071,11589.637029753707,11821.579694341071,124126.58679058125,508462.2053732756,10376.625000000002,154352.29687500003,354109.90849827556,12106.321658060702,15.322857547685448,17383.323260624806,18.024712181766645,A,29898.750557401934,122.16666666666667,0.0,0.3876294766064898
3,A-6.1,y,29.75,A-6.1,1,826.3333333333334,,95205.37091990536,6.178155153790095,10.5,826.3333333333334,29.75,5105.215542081882,171.6038837674582,10393.721939665906,349.3688046946523,5105.215542081882,9690.769945782758,380.6068212491679,266.42477487441755,0.35294117647058826,310.7142857142857,6,14.0,0.857459045572838,11323.052932162745,9690.769945782758,11323.052932162745,118892.05578770883,466338.4006198585,17353.0,258125.875,208212.52561985853,7118.376944268668,15.322857547685448,15943.193183584906,18.024712181766645,A,28622.12453595447,122.75000000000001,0.0,0.3385761924698997
3,A-6.8,y,29.75,A-6.8,1,905.8958333333334,,95205.37091990536,6.178155153790095,10.5,905.8958333333333,29.75,5596.765011505306,188.1265550085817,11394.468815613465,383.0073551466711,5596.765011505306,10623.833943940896,398.5917303937077,279.01421127559536,0.35294117647058826,310.7142857142857,6,14.0,0.8979767719214563,11858.103979212803,10623.833943940896,11858.103979212803,124510.09178173443,510944.27768843353,4755.953125,70744.802734375,440199.47495405853,15049.554699284052,15.322857547685448,17468.1804337926,18.024712181766645,A,29292.58595638437,147.41666666666669,0.0,0.36267996139908615
3,A-7,y,29.75,A-7,1,1011.9791666666669,,95205.37091990536,6.178155153790095,10.5,1011.9791666666667,29.75,6252.164304069873,210.15678333007975,12728.79798354355,427.85875574936307,6252.164304069873,11867.919274818414,412.4502515957574,288.7151761170301,0.35294117647058826,310.7142857142857,6,14.0,0.9291982679628555,12270.394984973782,11867.919274818414,12270.394984973782,128839.1473422247,527222.8313166744,5312.890625000001,79029.24804687501,448193.58326979936,15322.857547685448,15.322857547685448,18024.712181766645,18.024712181766645,A,30059.19096074384,156.5,0.0,0.39481831997133476
3,A-7.8,y,20.0,A-7.8,1,640.6875,,95205.37091990536,6.178155153790095,10.5,640.6875,20.0,3958.266780093891,197.91333900469456,8058.6458957882605,402.93229478941305,3958.266780093891,7513.620616747105,375.68103083735525,262.97672158614864,0.525,310.7142857142857,6,14.0,0.8463618625761106,7379.363714940489,7513.620616747105,7513.620616747105,78893.0164758446,321753.3206918777,3363.609375,33636.09375,288117.2269418777,14775.242407275779,15.322857547685448,16500.170291891165,18.024712181766645,A,17747.362372123032,176.83333333333334,0.0,0.42336548154047104
3,A-8,y,29.75,A-8,1,794.2291666666667,,95205.37091990536,6.178155153790095,10.5,794.2291666666666,29.75,4906.8710193320785,164.93684098595222,9989.911796739696,335.7953545122587,4906.8710193320785,9314.270437754036,397.91092525368845,278.5376476775819,0.35294117647058826,310.7142857142857,6,14.0,0.8964430040198038,11837.850026297232,9314.270437754036,11837.850026297232,124297.42527612094,487888.7224217955,8339.40625,124048.66796875,363840.0544530455,12438.97622061694,15.322857547685448,16679.956322112666,18.024712181766645,A,28323.756467939747,182.58333333333334,0.0,0.32885011027040334
3,A-8.2,y,20.0,A-8.2,1,448.06250000000006,,95205.37091990536,6.178155153790095,10.5,448.0625,20.0,2768.199643595074,138.4099821797537,5635.785038231006,281.7892519115503,2768.199643595074,5254.623568574773,328.1588859275493,229.7112201492845,0.525,310.7142857142857,6,14.0,0.7393004786413754,6563.177718550986,5254.623568574773,6563.177718550986,68913.36604478536,262162.13497305836,9409.312500000002,94093.12500000001,168069.00997305836,8618.923588361968,15.322857547685448,13444.212049900429,18.024712181766645,A,15660.20429104133,185.66666666666669,0.0,0.33553991192699606
3,A-8.9,y,29.75,A-8.9,1,1352.5625,,95205.37091990536,6.178155153790095,10.5,1352.5625,29.75,8356.340980198214,280.88541109909966,17012.69689110855,571.855357684321,8356.340980198214,15862.08796868833,533.1794275189355,373.2255992632549,0.35294117647058826,460.7142857142857,4,17.0,0.8101020759202431,15801.153487217545,15862.08796868833,15862.08796868833,166551.92367122747,674635.6356223474,14201.90625,211253.35546875,463382.28015359736,15842.129236020422,32.803484444679775,23064.466175122987,32.803484444679775,C,37110.24561801639,203.58333333333334,0.0,0.4274315005068993
3,A-9,y,29.75,A-9,1,1231.125,,95205.37091990536,6.178155153790095,10.5,1231.125,29.75,7606.081263709831,255.6665970994901,15485.241133083324,520.5123069943975,7606.081263709831,14437.937655710122,520.6841587291042,364.4789111103729,0.35294117647058826,460.7142857142857,4,17.0,0.7911170163636001,15490.353722190848,14437.937655710122,15490.353722190848,162648.7140830039,632756.34345354,6463.40625,96143.16796875,536613.17548479,18345.74958922359,32.803484444679775,21632.69550268513,32.803484444679775,C,36369.67596500909,203.91666666666669,0.0,0.39697735194563516
3,A-B--A-1,x,20.0,A-B,1,1105.5,,95205.37091990536,6.178155153790095,10.5,7705.0,128.34,47602.68545995268,370.9107484802297,96914.43430229019,755.1381821901994,7418.214969604594,14081.328023514616,760.4234087511313,532.2963861257919,0.525,600.0,3,19.0,0.8871606435429864,15208.468175022626,14081.328023514616,15208.468175022626,159688.9158377376,639667.9466712556,0.0,0.0,639667.9466712556,32803.48444467977,32.803484444679775,32803.48444467977,32.803484444679775,C,26088.84551724656,0.0,30.75,0.5397451571479416
3,A-B--A-2.5,x,13.0,A-B,1,720.25,,95205.37091990536,6.178155153790095,10.5,7705.0,128.34,47602.68545995268,370.9107484802297,96914.43430229019,755.1381821901994,4821.839730242986,9152.863215284498,704.0664011757307,492.84648082301146,0.8076923076923077,600.0,3,19.0,0.8214108013716858,8593.867202212556,9152.863215284498,9152.863215284498,96105.06376048723,389283.4099266738,0.0,0.0,389283.4099266738,31142.672794133905,32.803484444679775,31142.672794133905,32.803484444679775,C,14742.054969248846,0.0,30.75,0.6208675272461601
3,A-B--A-3.5,x,9.0,A-B,1,561.125,,95205.37091990536,6.178155153790095,10.5,7705.0,128.34,47602.68545995268,370.9107484802297,96914.43430229019,755.1381821901994,3338.1967363220674,6336.597610581577,704.0664011757308,492.8464808230115,1.1666666666666667,600.0,3,19.0,0.8214108013716859,5102.93606748141,6336.597610581577,6336.597610581577,66534.27491110656,269503.89918000496,0.0,0.0,269503.89918000496,31706.341080000584,32.803484444679775,31706.341080000584,32.803484444679775,C,8753.656792835423,0.0,30.75,0.7238800607042157
3,A-B--A-4,x,12.0,A-B,1,653.25,,95205.37091990536,6.178155153790095,10.5,7705.0,128.34,47602.68545995268,370.9107484802297,96914.43430229019,755.1381821901994,4450.928981762756,8448.79681410877,704.0664011757308,492.8464808230115,0.875,600.0,3,19.0,0.8214108013716859,7693.461116613173,8448.79681410877,8448.79681410877,88712.36654814208,359338.53224000667,0.0,0.0,359338.53224000667,31246.82889043536,32.803484444679775,31246.82889043536,32.803484444679775,C,13197.484207772008,0.0,30.75,0.6401823772695456
3,A-B--A-4.8,x,10.67,A-B,1,536.0,,95205.37091990536,6.178155153790095,10.5,7705.0,128.34,47602.68545995268,370.9107484802297,96914.43430229019,755.1381821901994,3957.6176862840507,7512.388500545047,704.0664011757307,492.84648082301146,0.9840674789128397,600.0,3,19.0,0.8214108013716858,6521.914143175702,7512.388500545047,7512.388500545047,78880.07925572299,319511.8449167392,0.0,0.0,319511.8449167392,31417.09389545125,32.803484444679775,31417.09389545125,32.803484444679775,C,11187.794102597265,0.0,30.75,0.6714807612343378
3,A-B--A-5.5,x,29.0,A-B,1,1139.0,,95205.37091990536,6.178155153790095,10.5,7705.0,128.34,47602.68545995268,370.9107484802297,96914.43430229019,755.1381821901994,10756.411705926661,20417.92563409619,832.5421122569783,582.7794785798848,0.3620689655172414,600.0,3,19.0,0.9712991309664746,24143.72125545237,20417.92563409619,24143.72125545237,253509.07318224988,1010078.5248564575,0.0,0.0,1010078.5248564575,35441.351749349385,35.44135174934939,35441.351749349385,35.44135174934939,D,41416.519191553736,0.0,30.75,0.4929898995051258
3,A-B--A-6.5,x,13.0,A-B,1,963.125,,95205.37091990536,6.178155153790095,10.5,7705.0,128.34,47602.68545995268,370.9107484802297,96914.43430229019,755.1381821901994,4821.839730242986,9152.863215284498,704.0664011757307,492.84648082301146,0.8076923076923077,600.0,3,19.0,0.8214108013716858,8593.867202212556,9152.863215284498,9152.863215284498,96105.06376048723,389283.4099266738,0.0,0.0,389283.4099266738,31142.672794133905,35.44135174934939,31142.672794133905,35.44135174934939,D,14742.054969248846,0.0,30.75,0.6208675272461601
3,A-B--A-7.9,x,11.67,A-B,1,938.0,,95205.37091990536,6.178155153790095,10.5,7705.0,128.34,47602.68545995268,370.9107484802297,96914.43430229019,755.1381821901994,4328.528434764281,8216.454901720777,704.0664011757307,492.84648082301146,0.8997429305912596,600.0,3,19.0,0.8214108013716858,7399.818910118108,8216.454901720777,8216.454901720777,86272.77646806816,349456.7226034064,0.0,0.0,349456.7226034064,31285.2929815046,35.44135174934939,31285.2929815046,35.44135174934939,D,12693.765748132873,0.0,30.75,0.6472826948873966
3,A-B--A-8.8,x,10.0,A-B,1,1088.75,,95205.37091990536,6.178155153790095,10.5,7705.0,128.34,47602.68545995268,370.9107484802297,96914.43430229019,755.1381821901994,3709.107484802297,7040.664011757308,704.0664011757308,492.8464808230115,1.05,600.0,3,19.0,0.8214108013716859,5944.8763803543825,7040.664011757308,7040.664011757308,73926.97212345173,299448.7768666722,0.0,0.0,299448.7768666722,31520.92388070234,35.44135174934939,31520.92388070234,35.44135174934939,D,10197.934448185319,0.0,30.75,0.6904009873303476
3,A-C--A-1.8,x,16.0,A-C,1,1563.4450000000002,,95205.37091990536,6.178155153790095,10.5,7705.0,144.34,47602.68545995268,329.79552071465065,96914.43430229019,671.4315803123887,5276.72833143441,10016.337195720469,637.427208144752,446.1990457013263,0.65625,460.7142857142857,4,17.0,0.9684940526850494,10198.835330316031,10016.337195720469,10198.835330316031,107087.77096831832,438176.1653240438,0.0,0.0,438176.1653240438,28269.43002090605,35.44135174934939,28269.43002090605,35.44135174934939,D,17502.176222199134,0.0,36.25,0.5722909579104858
3,A-C--A-3.2,x,9.34,A-C,1,469.0,,95205.37091990536,6.178155153790095,10.5,7705.0,144.34,47602.68545995268,329.79552071465065,96914.43430229019,671.4315803123887,3080.290163474837,5847.036838001823,626.0210747325292,438.21475231277043,1.1241970021413277,460.7142857142857,4,17.0,0.9511638034695792,4835.221785010745,5847.036838001823,5847.036838001823,61393.886799019136,248682.23032801837,0.0,0.0,248682.23032801837,28131.474019006604,35.44135174934939,28131.474019006604,35.44135174934939,D,8297.702729165643,0.0,36.25,0.7046573044187325
3,A-C--A-3.8,x,16.75,A-C,1,720.25,,95205.37091990536,6.178155153790095,10.5,7705.0,144.34,47602.68545995268,329.79552071465065,96914.43430229019,671.4315803123887,5524.074971970398,10485.853001769865,646.8215042927455,452.77505300492186,0.6268656716417911,460.7142857142857,4,17.0,0.9827675569099079,10834.260196903488,10485.853001769865,10834.260196903488,113759.73206748662,463959.4392073649,0.0,0.0,463959.4392073649,28551.35010506861,35.44135174934939,28551.35010506861,35.44135174934939,D,18592.62602659228,0.0,36.25,0.5639791273579308
3,A-C--A-4.6,x,16.0,A-C,1,971.5,,95205.37091990536,6.178155153790095,10.5,7705.0,144.34,47602.68545995268,329.79552071465065,96914.43430229019,671.4315803123887,5276.72833143441,10016.337195720469,637.427208144752,446.1990457013263,0.65625,460.7142857142857,4,17.0,0.9684940526850494,10198.835330316031,10016.337195720469,10198.835330316031,107087.77096831832,438176.1653240438,0.0,0.0,438176.1653240438,28269.43002090605,31.62290812828614,28269.43002090605,31.62290812828614,B,17502.176222199134,0.0,36.25,0.5722909579104858
3,A-C--A-5.5,x,15.0,A-C,1,681.055,,95205.37091990536,6.178155153790095,10.5,7705.0,144.34,47602.68545995268,329.79552071465065,96914.43430229019,671.4315803123887,4946.93281071976,9390.31612098794,626.0210747325293,438.2147523127705,0.7,460.7142857142857,4,17.0,0.9511638034695793,9359.025729098334,9390.31612098794,9390.31612098794,98598.31927037337,405351.86575297196,0.0,0.0,405351.86575297196,27955.30108641186,31.62290812828614,27955.30108641186,31.62290812828614,B,16060.98267827401,0.0,36.25,0.5846663500665121
3,A-C--A-6.5,x,26.0,A-C,1,1021.75,,95205.37091990536,6.178155153790095,10.5,7705.0,144.34,47602.68545995268,329.79552071465065,96914.43430229019,671.4315803123887,8574.683538580917,16276.54794304576,728.2848049916624,509.7993634941637,0.40384615384615385,600.0,3,19.0,0.8496656058236062,18935.404929783224,16276.54794304576,18935.404929783224,198821.75176272384,806384.1572712966,0.0,0.0,806384.1572712966,31622.90812828614,31.62290812828614,31622.90812828614,31.62290812828614,B,32494.964688237083,0.0,36.25,0.5008944647026418
3,A-C--A-6.9,x,11.5,A-C,1,536.0,,95205.37091990536,6.178155153790095,10.5,7705.0,144.34,47602.68545995268,329.79552071465065,96914.43430229019,671.4315803123887,3792.6484882184823,7199.242359424086,626.0210747325292,438.21475231277043,0.9130434782608695,460.7142857142857,4,17.0,0.9511638034695792,6504.7907226663365,7199.242359424086,7199.242359424086,75592.0447739529,306193.32427968003,0.0,0.0,306193.32427968003,27835.756752698184,31.62290812828614,27835.756752698184,31.62290812828614,B,11162.842602058607,0.0,36.25,0.6449291292610747
3,A-C--A-8.5,x,9.75,A-C,1,787.25,,95205.37091990536,6.178155153790095,10.5,7705.0,144.34,47602.68545995268,329.79552071465065,96914.43430229019,671.4315803123887,3215.506326967844,6103.70547864216,626.0210747325293,438.2147523127705,1.0769230769230769,460.7142857142857,4,17.0,0.9511638034695793,5145.1127044089635,6103.70547864216,6103.70547864216,64088.90752574268,259598.68797625045,0.0,0.0,259598.68797625045,28064.72302445951,31.62290812828614,28064.72302445951,31.62290812828614,B,8829.505165944358,0.0,36.25,0.6912851132568922
3,A-C--A-9.2,x,24.0,A-C,1,954.75,,95205.37091990536,6.178155153790095,10.5,7705.0,144.34,47602.68545995268,329.79552071465065,96914.43430229019,671.4315803123887,7915.092497151616,15024.505793580702,714.7018490838963,500.2912943587273,0.4375,600.0,3,19.0,0.8338188239312122,17152.84437801351,15024.505793580702,17152.84437801351,180104.86596914186,731144.8040310792,0.0,0.0,731144.8040310792,31112.54485238635,31.62290812828614,31112.54485238635,31.62290812828614,B,29435.920405888875,0.0,36.25,0.5104139971303543
4,A-2,y,29.75,A-2,1,1369.3125,,85514.3929338812,5.549279229972823,10.0,1369.3125,29.75,7598.697415592162,255.41840052410626,24822.077859531775,834.3555583035891,7598.697415592162,7598.697415592162,255.41840052410626,178.79288036687439,0.33613445378151263,310.7142857142857,6,14.0,0.5754253621002854,7347.201703128356,7598.697415592162,7598.697415592162,75986.97415592162,758977.2306528492,14377.78125,213869.49609375,545107.7345590992,18636.16186526835,35.30102518019456,25947.939509499116,41.032683700493706,E,28084.693547145278,31.916666666666668,0.0,0.2705636578457359
4,A-2.4,y,29.75,A-2.4,1,2146.791666666667,,85514.3929338812,5.549279229972823,10.0,2146.791666666667,29.75,11913.146406912076,400.44189603065803,38915.75509476033,1308.092608227238,11913.146406912076,11913.146406912076,400.44189603065803,280.3093272214606,0.33613445378151263,310.7142857142857,6,14.0,0.9021449611725169,8217.82732287313,11913.146406912076,11913.146406912076,119131.46406912076,1200205.9982394408,11270.656250000002,167651.01171875003,1032554.9865206908,35301.025180194556,35.30102518019456,41032.683700493704,41.032683700493706,E,31644.07785079829,40.083333333333336,0.0,0.37647317337172903
4,A-3,y,29.75,A-3,1,593.2291666666667,,85514.3929338812,5.549279229972823,10.0,593.2291666666667,29.75,3291.99429319742,110.65527035957714,10753.703455964329,361.4690237298934,3291.99429319742,3291.99429319742,172.79300057982127,120.95510040587487,0.33613445378151263,310.7142857142857,6,14.0,0.38928078291545937,5140.591767249683,3291.99429319742,5140.591767249683,51405.91767249683,480270.2657982259,12457.812500000002,185309.96093750003,294960.3048607259,10084.112986691483,35.30102518019456,16419.496266606013,41.032683700493706,E,19970.327097898797,49.833333333333336,0.0,0.16484428507652193
4,A-3.7,y,20.0,A-3.7,1,441.08333333333337,,85514.3929338812,5.549279229972823,10.0,441.08333333333337,20.0,2447.6945803538465,122.38472901769232,7995.694804905243,399.7847402452621,2447.6945803538465,2447.6945803538465,143.97099105005455,100.77969373503818,0.5,310.7142857142857,6,14.0,0.3243484396070194,2879.419821001091,2447.6945803538465,2879.419821001091,28794.19821001091,286148.25413429464,9262.75,92627.5,193520.75413429464,9924.141237656135,35.30102518019456,14674.26944278434,41.032683700493706,E,11367.094949664257,67.33333333333334,0.0,0.2153315857035348
4,A-4,y,20.0,A-4,1,505.29166666666674,,85514.3929338812,5.549279229972823,10.0,505.29166666666663,20.0,2804.0045509116844,140.20022754558423,9159.625061315497,457.98125306577487,2804.0045509116844,2804.0045509116853,154.16703039475715,107.91692127633,0.5,310.7142857142857,6,14.0,0.34731882709623446,3083.340607895143,2804.0045509116853,3083.340607895143,30833.40607895143,312596.79887120455,10611.125000000002,106111.25000000001,206485.54887120455,10589.002506215618,35.30102518019456,16030.605070318183,41.032683700493706,E,12272.368705327968,76.16666666666667,0.0,0.22848112033126458
4,A-5,y,29.75,A-5,1,770.5000000000001,,85514.3929338812,5.549279229972823,10.0,770.5,29.75,4275.71964669406,143.72166879643902,13967.16307692308,469.484473173885,4275.71964669406,4275.719646694061,187.25999414883955,131.0819959041877,0.33613445378151263,310.7142857142857,6,14.0,0.42187309026635117,5570.984825927977,4275.719646694061,5570.984825927977,55709.848259279766,522139.72994466295,16180.500000000002,240684.93750000003,281454.7924446629,9622.386066484201,35.30102518019456,17850.930938279074,41.032683700493706,E,22623.76319416131,97.5,0.0,0.1889924151874755
4,A-5.1,y,29.75,A-5.1,1,1384.666666666667,,85514.3929338812,5.549279229972823,10.0,1384.6666666666667,29.75,7683.901973769036,258.2824192863541,25100.409007803795,843.7112271530688,7683.901973769035,7683.901973769037,258.2824192863542,180.7976935004479,0.33613445378151263,310.7142857142857,6,14.0,0.581877634254315,6935.7596410994,7683.901973769037,7683.901973769037,76839.01973769037,767487.6787029833,14539.000000000004,216267.62500000006,551220.0537029833,18845.130041127635,35.30102518019456,26238.894998392592,41.032683700493706,E,28181.751823843613,98.08333333333334,0.0,0.2726552281703067
4,A-6,y,29.75,A-6,1,988.2500000000002,,85514.3929338812,5.549279229972823,10.0,988.25,29.75,5484.075199020643,184.33866215195437,17914.404816053517,602.1648677665048,5484.075199020643,5484.075199020644,202.88057306368322,142.01640114457825,0.33613445378151263,310.7142857142857,6,14.0,0.45706427954576906,6035.697048644575,5484.075199020644,6035.697048644575,60356.97048644575,568819.1758597214,10376.625000000002,154352.29687500003,414466.8789847214,14169.807828537483,17.47470273827164,19446.809431101585,20.176557372352832,A,25080.98645531049,122.16666666666667,0.0,0.21865468524502474
4,A-6.1,y,29.75,A-6.1,1,826.3333333333334,,85514.3929338812,5.549279229972823,10.0,826.3333333333334,29.75,4585.554403700877,154.1362824773404,14979.276343366782,503.50508717199267,4585.554403700877,4585.554403700877,188.77951945360707,132.14566361752495,0.33613445378151263,310.7142857142857,6,14.0,0.42529638865410324,5616.19070374481,4585.554403700877,5616.19070374481,56161.9070374481,522500.30765730666,17353.0,258125.875,264374.43265730666,9038.442142130143,17.47470273827164,17863.258381446383,20.176557372352832,A,23324.507255617413,122.75000000000001,0.0,0.19659812545864194
4,A-6.8,y,29.75,A-6.8,1,905.8958333333334,,85514.3929338812,5.549279229972823,10.0,905.8958333333333,29.75,5027.068932435589,168.97710697262485,16421.537748049057,551.984462119296,5027.068932435589,5027.068932435589,200.8500805964892,140.59505641754242,0.33613445378151263,310.7142857142857,6,14.0,0.45248983674611354,5975.289897745553,5027.068932435589,5975.289897745553,59752.89897745554,570697.1766658891,4755.953125,70744.802734375,499952.3739315141,17092.388852359458,17.47470273827164,19511.014586868005,20.176557372352832,A,24234.28222985853,147.41666666666669,0.0,0.20743626259505415
4,A-7,y,29.75,A-7,1,1011.9791666666669,,85514.3929338812,5.549279229972823,10.0,1011.9791666666667,29.75,5615.75497074854,188.76487296633746,18344.552954292092,616.6236287157005,5615.75497074854,5615.7549707485405,211.56797251981848,148.09758076387294,0.33613445378151263,310.7142857142857,6,14.0,0.47663589211361407,6294.1471824646,5615.7549707485405,6294.1471824646,62941.471824645996,590164.3031413204,5312.890625000001,79029.24804687501,511135.05509444536,17474.702738271637,17.47470273827164,20176.557372352832,20.176557372352832,A,25309.06332206306,156.5,0.0,0.22188711211027048
4,A-7.8,y,20.0,A-7.8,1,640.6875,,85514.3929338812,5.549279229972823,10.0,640.6875,20.0,3555.3538366532134,177.76769183266066,11613.999732441474,580.6999866220738,3555.353836653213,3555.353836653213,177.76769183266066,124.43738428286245,0.5,310.7142857142857,6,14.0,0.400488133324155,3517.128195137317,3555.353836653213,3555.353836653213,35553.53836653213,357306.8590584098,3363.609375,33636.09375,323670.7653084098,16598.500785046657,17.47470273827164,18323.42866966204,20.176557372352832,A,13876.745473628618,176.83333333333334,0.0,0.25620948682886857
4,A-8,y,29.75,A-8,1,794.2291666666667,,85514.3929338812,5.549279229972823,10.0,794.2291666666666,29.75,4407.399418421957,148.1478796108221,14397.311215161653,483.9432341230808,4407.399418421957,4407.399418421957,196.37605003714057,137.4632350259984,0.33613445378151263,310.7142857142857,6,14.0,0.4424104115779258,5842.187488604932,4407.399418421957,5842.187488604932,58421.87488604932,546310.5973078448,8339.40625,124048.66796875,422261.9293390948,14436.305276550249,17.47470273827164,18677.285378045977,20.176557372352832,A,22928.35500009487,182.58333333333334,0.0,0.19222484205272122
4,A-8.2,y,20.0,A-8.2,1,448.06250000000006,,85514.3929338812,5.549279229972823,10.0,448.0625,20.0,2486.4239249796983,124.32119624898492,8122.2089632107045,406.1104481605352,2486.4239249796983,2486.4239249796983,146.5535252684488,102.58746768791416,0.5,310.7142857142857,6,14.0,0.3301665626737467,2931.070505368976,2486.4239249796983,2931.070505368976,29310.70505368976,291472.84002674813,9409.312500000002,94093.12500000001,197379.71502674813,10122.036668038365,17.47470273827164,14947.325129576828,20.176557372352832,A,11470.814711539999,185.66666666666669,0.0,0.21676088294567936
4,A-8.9,y,29.75,A-8.9,1,1352.5625,,85514.3929338812,5.549279229972823,10.0,1352.5625,29.75,7505.746988490117,252.29401641983586,24518.443879598664,824.1493741041568,7505.746988490117,7505.746988490117,252.29401641983586,176.60581149388508,0.33613445378151263,310.7142857142857,6,14.0,0.5683865197504347,7266.248939978649,7505.746988490117,7505.746988490117,75057.46988490116,749693.1055072485,14201.90625,211253.35546875,538439.7500384985,18408.19658251277,36.42836657356302,25630.533521615336,36.42836657356302,C,27977.08580456993,203.58333333333334,0.0,0.26828194476438594
4,A-9,y,29.75,A-9,1,1231.125,,85514.3929338812,5.549279229972823,10.0,1231.125,29.75,6831.856392000292,229.64223166387535,22317.097525083616,750.1545386582728,6831.856392000292,6831.856392000292,236.9947386856683,165.8963170799678,0.33613445378151263,310.7142857142857,6,14.0,0.5339191814067928,7050.593475898631,6831.856392000292,7050.593475898631,70505.93475898632,703262.2782125263,6463.40625,96143.16796875,607119.1102437763,20756.20889722312,36.42836657356302,24043.15481068466,36.42836657356302,C,27138.59253546527,203.91666666666669,0.0,0.25173952492459883
4,A-B--A-1,x,20.0,A-B,1,1105.5,,85514.3929338812,5.549279229972823,10.0,7705.0,128.34,42757.1964669406,333.15565269550103,139671.63076923077,1088.2938348857003,6663.11305391002,6663.11305391002,353.4260075661165,247.39820529628153,0.5,310.7142857142857,6,14.0,0.7962241089995268,7068.520151322329,6663.11305391002,7068.520151322329,70685.20151322329,710353.1481844789,0.0,0.0,710353.1481844789,36428.36657356302,36.42836657356302,36428.36657356302,36.42836657356302,C,17964.68660216552,0.0,30.75,0.3709006007990603
4,A-B--A-2.5,x,13.0,A-B,1,720.25,,85514.3929338812,5.549279229972823,10.0,7705.0,128.34,42757.1964669406,333.15565269550103,139671.63076923077,1088.2938348857003,4331.023485041514,4331.023485041514,333.15565269550103,233.2089568868507,0.7692307692307693,310.7142857142857,6,14.0,0.750557562394462,3851.289983537582,4331.023485041514,4331.023485041514,43310.23485041514,432593.64477708895,0.0,0.0,432593.64477708895,34607.49158216712,36.42836657356302,34607.49158216712,36.42836657356302,C,9788.076724287022,0.0,30.75,0.4424795194233616
4,A-B--A-3.5,x,9.0,A-B,1,561.125,,85514.3929338812,5.549279229972823,10.0,7705.0,128.34,42757.1964669406,333.15565269550103,139671.63076923077,1088.2938348857003,2998.4008742595092,2998.4008742595092,333.15565269550103,233.2089568868507,1.1111111111111112,310.7142857142857,6,14.0,0.750557562394462,2211.9087707226986,2998.4008742595092,2998.4008742595092,29984.00874259509,299487.90792260005,0.0,0.0,299487.90792260005,35233.87152030589,36.42836657356302,35233.87152030589,36.42836657356302,C,5621.579483108766,0.0,30.75,0.5333733843431092
4,A-B--A-4,x,12.0,A-B,1,653.25,,85514.3929338812,5.549279229972823,10.0,7705.0,128.34,42757.1964669406,333.15565269550103,139671.63076923077,1088.2938348857003,3997.8678323460126,3997.8678323460126,333.15565269550103,233.2089568868507,0.8333333333333334,310.7142857142857,6,14.0,0.750557562394462,3423.1889111815303,3997.8678323460126,3997.8678323460126,39978.678323460124,399317.21056346677,0.0,0.0,399317.21056346677,34723.23570117103,36.42836657356302,34723.23570117103,36.42836657356302,C,8700.05526657232,0.0,30.75,0.4595221190958143
4,A-B--A-4.8,x,10.67,A-B,1,536.0,,85514.3929338812,5.549279229972823,10.0,7705.0,128.34,42757.1964669406,333.15565269550103,139671.63076923077,1088.2938348857003,3554.770814260996,3554.770814260996,333.15565269550103,233.2089568868507,0.9372071227741331,310.7142857142857,6,14.0,0.750557562394462,2871.2302853288998,3554.770814260996,3554.770814260996,35547.70814260996,355059.5530593492,0.0,0.0,355059.5530593492,34912.44376198124,36.42836657356302,34912.44376198124,36.42836657356302,C,7297.249089532639,0.0,30.75,0.4871384778902573
4,A-B--A-5.5,x,29.0,A-B,1,1139.0,,85514.3929338812,5.549279229972823,10.0,7705.0,128.34,42757.1964669406,333.15565269550103,139671.63076923077,1088.2938348857003,9661.51392816953,9661.51392816953,397.65692756128544,278.3598492928998,0.3448275862068966,310.7142857142857,6,14.0,0.8958707793334706,11532.050899277277,9661.51392816953,11532.050899277277,115320.50899277278,1125399.0338492303,0.0,0.0,1125399.0338492303,39487.68539821861,39.48768539821861,39487.68539821861,39.48768539821861,D,29308.77692227863,0.0,30.75,0.3296457560747093
4,A-B--A-6.5,x,13.0,A-B,1,963.125,,85514.3929338812,5.549279229972823,10.0,7705.0,128.34,42757.1964669406,333.15565269550103,139671.63076923077,1088.2938348857003,4331.023485041514,4331.023485041514,333.15565269550103,233.2089568868507,0.7692307692307693,310.7142857142857,6,14.0,0.750557562394462,3851.289983537582,4331.023485041514,4331.023485041514,43310.23485041514,432593.64477708895,0.0,0.0,432593.64477708895,34607.49158216712,39.48768539821861,34607.49158216712,39.48768539821861,D,9788.076724287022,0.0,30.75,0.4424795194233616
4,A-B--A-7.9,x,11.67,A-B,1,938.0,,85514.3929338812,5.549279229972823,10.0,7705.0,128.34,42757.1964669406,333.15565269550103,139671.63076923077,1088.2938348857003,3887.926466956497,3887.926466956497,333.15565269550103,233.2089568868507,0.856898029134533,310.7142857142857,6,14.0,0.750557562394462,3284.2741880998983,3887.926466956497,3887.926466956497,38879.26466956497,388335.9872729714,0.0,0.0,388335.9872729714,34765.97916499297,39.48768539821861,34765.97916499297,39.48768539821861,D,8347.002659921513,0.0,30.75,0.46578713645612463
4,A-B--A-8.8,x,10.0,A-B,1,1088.75,,85514.3929338812,5.549279229972823,10.0,7705.0,128.34,42757.1964669406,333.15565269550103,139671.63076923077,1088.2938348857003,3331.55652695501,3331.55652695501,333.15565269550103,233.2089568868507,1.0,310.7142857142857,6,14.0,0.750557562394462,2601.7738064476366,3331.55652695501,3331.55652695501,33315.565269550105,332764.3421362223,0.0,0.0,332764.3421362223,35027.8254880234,39.48768539821861,35027.8254880234,39.48768539821861,D,6612.4238230842775,0.0,30.75,0.5038328782441912
4,A-C--A-1.8,x,16.0,A-C,1,1563.4450000000002,,85514.3929338812,5.549279229972823,10.0,7705.0,144.34,42757.1964669406,296.2255540178786,139671.63076923077,967.6571343302672,4739.608864286058,4739.608864286058,309.11577047460537,216.38103933222374,0.625,310.7142857142857,6,14.0,0.6963987472761224,4945.852327593686,4739.608864286058,4945.852327593686,49458.52327593686,487634.6885999806,0.0,0.0,487634.6885999806,31460.30249032133,39.48768539821861,31460.30249032133,39.48768539821861,D,12583.391460667923,0.0,36.25,0.37665591816806443
4,A-C--A-3.2,x,9.34,A-C,1,469.0,,85514.3929338812,5.549279229972823,10.0,7705.0,144.34,42757.1964669406,296.2255540178786,139671.63076923077,967.6571343302672,2766.746674526986,2766.746674526986,296.2255540178786,207.357887812515,1.0706638115631693,310.7142857142857,6,14.0,0.6673587193966,2199.7378139181387,2766.746674526986,2766.746674526986,27667.466745269863,276349.6970732882,0.0,0.0,276349.6970732882,31261.277949466992,39.48768539821861,31261.277949466992,39.48768539821861,D,5596.641425975026,0.0,36.25,0.49435839532009573
4,A-C--A-3.8,x,16.75,A-C,1,720.25,,85514.3929338812,5.549279229972823,10.0,7705.0,144.34,42757.1964669406,296.2255540178786,139671.63076923077,967.6571343302672,4961.778029799467,4961.778029799467,315.30288058255314,220.7120164077872,0.5970149253731343,310.7142857142857,6,14.0,0.7103375240710392,5281.323249757766,4961.778029799467,5281.323249757766,52813.23249757766,516772.6717049426,0.0,0.0,516772.6717049426,31801.39518184262,39.48768539821861,31801.39518184262,39.48768539821861,D,13436.90702434746,0.0,36.25,0.3692648926429873
4,A-C--A-4.6,x,16.0,A-C,1,971.5,,85514.3929338812,5.549279229972823,10.0,7705.0,144.34,42757.1964669406,296.2255540178786,139671.63076923077,967.6571343302672,4739.608864286058,4739.608864286058,309.11577047460537,216.38103933222374,0.625,310.7142857142857,6,14.0,0.6963987472761224,4945.852327593686,4739.608864286058,4945.852327593686,49458.52327593686,487634.6885999806,0.0,0.0,487634.6885999806,31460.30249032133,35.413617536784635,31460.30249032133,35.413617536784635,B,12583.391460667923,0.0,36.25,0.37665591816806443
4,A-C--A-5.5,x,15.0,A-C,1,681.055,,85514.3929338812,5.549279229972823,10.0,7705.0,144.34,42757.1964669406,296.2255540178786,139671.63076923077,967.6571343302672,4443.383310268179,4443.383310268179,300.3409793363189,210.23868553542323,0.6666666666666666,310.7142857142857,6,14.0,0.6766302522979138,4505.114690044784,4443.383310268179,4505.114690044784,45051.14690044784,450403.0126534198,0.0,0.0,450403.0126534198,31062.27673471861,35.413617536784635,31062.27673471861,35.413617536784635,B,11462.053042659372,0.0,36.25,0.3876603339498459
4,A-C--A-6.5,x,26.0,A-C,1,1021.75,,85514.3929338812,5.549279229972823,10.0,7705.0,144.34,42757.1964669406,296.2255540178786,139671.63076923077,967.6571343302672,7701.864404464844,7701.864404464844,371.78111506427507,260.24678054499253,0.38461538461538464,310.7142857142857,6,14.0,0.8375758454321599,9666.308991671152,7701.864404464844,9666.308991671152,96663.08991671153,903047.2471880082,0.0,0.0,903047.2471880082,35413.61753678464,35.413617536784635,35413.61753678464,35.413617536784635,B,24593.324257449392,0.0,36.25,0.3131689040424019
4,A-C--A-6.9,x,11.5,A-C,1,536.0,,85514.3929338812,5.549279229972823,10.0,7705.0,144.34,42757.1964669406,296.2255540178786,139671.63076923077,967.6571343302672,3406.593871205604,3406.593871205604,296.2255540178786,207.357887812515,0.8695652173913043,310.7142857142857,6,14.0,0.6673587193966,3034.4639290458836,3406.593871205604,3406.593871205604,34065.93871205604,340259.26299173606,0.0,0.0,340259.26299173606,30932.660271976005,35.413617536784635,30932.660271976005,35.413617536784635,B,7720.377593853162,0.0,36.25,0.44124705427852107
4,A-C--A-8.5,x,9.75,A-C,1,787.25,,85514.3929338812,5.549279229972823,10.0,7705.0,144.34,42757.1964669406,296.2255540178786,139671.63076923077,967.6571343302672,2888.1991516743165,2888.1991516743165,296.2255540178786,207.357887812515,1.0256410256410255,310.7142857142857,6,14.0,0.6673587193966,2352.894272454668,2888.1991516743165,2888.1991516743165,28881.991516743165,288480.67949299363,0.0,0.0,288480.67949299363,31187.100485729043,35.413617536784635,31187.100485729043,35.413617536784635,B,5986.306855681126,0.0,36.25,0.48246760837750197
4,A-C--A-9.2,x,24.0,A-C,1,954.75,,85514.3929338812,5.549279229972823,10.0,7705.0,144.34,42757.1964669406,296.2255540178786,139671.63076923077,967.6571343302672,7109.413296429087,7109.413296429087,361.9963764276908,253.39746349938355,0.4166666666666667,310.7142857142857,6,14.0,0.8155320664347976,8687.913034264579,7109.413296429087,8687.913034264579,86879.13034264579,818023.9343737249,0.0,0.0,818023.9343737249,34809.52912228616,35.413617536784635,34809.52912228616,35.413617536784635,B,22104.058804274842,0.0,36.25,0.3216338392591569
